{"stats":{"minecraft:killed_by":{"minecraft:wither_skeleton":1,"minecraft:creeper":1,"minecraft:skeleton":1},"minecraft:crafted":{"minecraft:oak_planks":264,"minecraft:cobblestone_slab":24,"minecraft:fishing_rod":1,"minecraft:cooked_chicken":2,"minecraft:furnace":2,"minecraft:lightning_rod":1,"minecraft:cobblestone_stairs":8,"minecraft:bone_meal":9,"minecraft:flint_and_steel":1,"minecraft:hopper":3,"minecraft:iron_boots":2,"minecraft:iron_axe":1,"minecraft:stone_pickaxe":3,"minecraft:chest":10,"minecraft:dark_oak_planks":12,"minecraft:stone_hoe":2,"minecraft:oak_fence":39,"minecraft:golden_boots":1,"minecraft:cooked_beef":2,"minecraft:diamond_sword":1,"minecraft:cooked_porkchop":3,"minecraft:crafting_table":3,"minecraft:iron_helmet":2,"minecraft:iron_sword":2,"minecraft:smithing_table":1,"minecraft:copper_ingot":4,"minecraft:bucket":1,"minecraft:birch_planks":56,"minecraft:campfire":1,"minecraft:iron_chestplate":1,"minecraft:diamond_pickaxe":2,"minecraft:charcoal":22,"minecraft:shield":1,"minecraft:stick":168,"minecraft:iron_ingot":163,"minecraft:compass":1,"minecraft:iron_pickaxe":10,"minecraft:stone_sword":1,"minecraft:iron_shovel":2,"minecraft:iron_leggings":2,"minecraft:gold_ingot":31,"minecraft:white_bed":1,"minecraft:torch":228,"minecraft:dark_oak_fence_gate":1,"minecraft:lapis_block":16},"minecraft:custom":{"minecraft:interact_with_smithing_table":3,"minecraft:mob_kills":76,"minecraft:inspect_hopper":15,"minecraft:interact_with_crafting_table":94,"minecraft:interact_with_campfire":69,"minecraft:leave_game":12,"minecraft:time_since_death":37918,"minecraft:sprint_one_cm":848312,"minecraft:walk_one_cm":1715569,"minecraft:damage_blocked_by_shield":1353,"minecraft:drop":85,"minecraft:play_time":544577,"minecraft:sneak_time":26035,"minecraft:deaths":5,"minecraft:walk_under_water_one_cm":99835,"minecraft:jump":4577,"minecraft:walk_on_water_one_cm":159549,"minecraft:total_world_time":1056556,"minecraft:interact_with_furnace":52,"minecraft:sleep_in_bed":18,"minecraft:time_since_rest":12135,"minecraft:damage_taken":4162,"minecraft:damage_dealt":8172,"minecraft:swim_one_cm":42433,"minecraft:fly_one_cm":122395,"minecraft:open_chest":243,"minecraft:crouch_one_cm":46502,"minecraft:fish_caught":14,"minecraft:fall_one_cm":53862},"minecraft:used":{"minecraft:oak_fence":40,"minecraft:stone_sword":171,"minecraft:iron_shovel":393,"minecraft:flint_and_steel":2,"minecraft:chest":11,"minecraft:shield":27,"minecraft:iron_sword":189,"minecraft:nether_wart":42,"minecraft:cooked_salmon":3,"minecraft:cooked_chicken":9,"minecraft:torch":454,"minecraft:stone_hoe":75,"minecraft:netherrack":490,"minecraft:soul_sand":42,"minecraft:dirt":180,"minecraft:hopper":3,"minecraft:tuff":2,"minecraft:granite":2,"minecraft:obsidian":10,"minecraft:lava_bucket":7,"minecraft:iron_axe":249,"minecraft:melon_seeds":1,"minecraft:bow":11,"minecraft:oak_sapling":35,"minecraft:furnace":2,"minecraft:cooked_cod":7,"minecraft:beetroot_seeds":38,"minecraft:cooked_beef":8,"minecraft:cobbled_deepslate":99,"minecraft:cooked_mutton":13,"minecraft:wheat_seeds":66,"minecraft:water_bucket":42,"minecraft:diorite":2,"minecraft:cobblestone_stairs":3,"minecraft:oak_planks":14,"minecraft:stone_pickaxe":398,"minecraft:wooden_pickaxe":60,"minecraft:cobblestone_slab":20,"minecraft:white_bed":4,"minecraft:crafting_table":6,"minecraft:crossbow":5,"minecraft:campfire":1,"minecraft:dark_oak_fence_gate":1,"minecraft:lightning_rod":2,"minecraft:diamond_pickaxe":952,"minecraft:apple":7,"minecraft:iron_pickaxe":2561,"minecraft:melon_slice":2,"minecraft:gravel":4,"minecraft:stone_axe":133,"minecraft:nether_wart_block":2,"minecraft:diamond_sword":11,"minecraft:fishing_rod":28,"minecraft:cobblestone":1094,"minecraft:andesite":24,"minecraft:white_banner":1,"minecraft:smithing_table":1,"minecraft:cooked_porkchop":11,"minecraft:bucket":51,"minecraft:bone_meal":9},"minecraft:picked_up":{"minecraft:fishing_rod":1,"minecraft:iron_chestplate":3,"minecraft:crafting_table":3,"minecraft:wheat":44,"minecraft:chicken":9,"minecraft:nether_wart":89,"minecraft:chest_minecart":2,"minecraft:diamond_sword":1,"minecraft:wooden_pickaxe":1,"minecraft:enchanted_book":1,"minecraft:diamond_horse_armor":3,"minecraft:shield":3,"minecraft:golden_sword":2,"minecraft:amethyst_block":12,"minecraft:string":3,"minecraft:raw_copper":16,"minecraft:cooked_salmon":6,"minecraft:flint_and_steel":2,"minecraft:iron_leggings":3,"minecraft:compass":3,"minecraft:iron_shovel":2,"minecraft:pufferfish":3,"minecraft:shroomlight":3,"minecraft:beetroot":27,"minecraft:cobbled_deepslate":142,"minecraft:gold_nugget":112,"minecraft:detector_rail":4,"minecraft:bucket":1,"minecraft:beef":30,"minecraft:calcite":5,"minecraft:iron_pickaxe":4,"minecraft:melon_slice":34,"minecraft:sugar_cane":6,"minecraft:chest":4,"minecraft:iron_boots":1,"minecraft:egg":3,"minecraft:stick":174,"minecraft:raw_iron":293,"minecraft:copper_ingot":1,"minecraft:oak_fence":5,"minecraft:torch":329,"minecraft:bowl":1,"minecraft:porkchop":15,"minecraft:lightning_rod":1,"minecraft:diorite":99,"minecraft:redstone":93,"minecraft:golden_chestplate":1,"minecraft:dark_oak_planks":1,"minecraft:stone_sword":1,"minecraft:arrow":13,"minecraft:rotten_flesh":23,"minecraft:cooked_cod":29,"minecraft:beetroot_seeds":93,"minecraft:saddle":1,"minecraft:gold_ingot":12,"minecraft:glow_berries":3,"minecraft:obsidian":16,"minecraft:mutton":16,"minecraft:cod":9,"minecraft:rail":81,"minecraft:white_wool":11,"minecraft:cobblestone":2249,"minecraft:birch_log":74,"minecraft:magma_block":2,"minecraft:feather":5,"minecraft:cooked_beef":37,"minecraft:salmon":6,"minecraft:glow_ink_sac":3,"minecraft:water_bucket":2,"minecraft:andesite":90,"minecraft:leather":26,"minecraft:birch_planks":16,"minecraft:flint":12,"minecraft:crimson_fungus":1,"minecraft:tuff":4,"minecraft:oak_log":358,"minecraft:golden_boots":2,"minecraft:nether_wart_block":21,"minecraft:gunpowder":3,"minecraft:lapis_lazuli":233,"minecraft:dirt":444,"minecraft:white_banner":1,"minecraft:cooked_mutton":15,"minecraft:bone":37,"minecraft:apple":8,"minecraft:bow":3,"minecraft:wheat_seeds":154,"minecraft:raw_gold":43,"minecraft:iron_ingot":16,"minecraft:cooked_chicken":14,"minecraft:glowstone_dust":75,"minecraft:iron_sword":3,"minecraft:stone_hoe":1,"minecraft:oak_planks":80,"minecraft:soul_sand":42,"minecraft:smooth_basalt":3,"minecraft:cooked_porkchop":19,"minecraft:music_disc_13":1,"minecraft:quartz":83,"minecraft:dandelion":2,"minecraft:gravel":61,"minecraft:sand":5,"minecraft:white_bed":3,"minecraft:dark_oak_log":5,"minecraft:pumpkin_seeds":3,"minecraft:diamond":13,"minecraft:stone_axe":2,"minecraft:iron_helmet":3,"minecraft:crossbow":1,"minecraft:granite":94,"minecraft:golden_apple":2,"minecraft:golden_horse_armor":2,"minecraft:oak_sapling":39,"minecraft:netherrack":800,"minecraft:coal":229,"minecraft:crimson_roots":1,"minecraft:diamond_pickaxe":2},"minecraft:dropped":{"minecraft:wheat_seeds":2,"minecraft:oak_fence":3,"minecraft:feather":3,"minecraft:apple":1,"minecraft:granite":20,"minecraft:dirt":4,"minecraft:nether_wart_block":4,"minecraft:dandelion":1,"minecraft:crimson_fungus":1,"minecraft:tuff":2,"minecraft:oak_planks":2,"minecraft:andesite":12,"minecraft:bow":2,"minecraft:netherrack":101},"minecraft:mined":{"minecraft:nether_gold_ore":12,"minecraft:tuff":7,"minecraft:white_bed":3,"minecraft:oak_sapling":1,"minecraft:deepslate_diamond_ore":7,"minecraft:obsidian":11,"minecraft:granite":64,"minecraft:grass_block":230,"minecraft:crimson_roots":1,"minecraft:crimson_fungus":1,"minecraft:nether_wart":26,"minecraft:tall_seagrass":1,"minecraft:redstone_ore":10,"minecraft:magma_block":2,"minecraft:glowstone":25,"minecraft:iron_ore":200,"minecraft:fire":2,"minecraft:andesite":89,"minecraft:deepslate_lapis_ore":13,"minecraft:shroomlight":3,"minecraft:deepslate_iron_ore":74,"minecraft:dirt_path":1,"minecraft:rail":65,"minecraft:stone":1897,"minecraft:deepslate_redstone_ore":7,"minecraft:soul_sand":42,"minecraft:medium_amethyst_bud":1,"minecraft:crimson_nylium":5,"minecraft:dandelion":1,"minecraft:oak_fence":2,"minecraft:crafting_table":3,"minecraft:torch":133,"minecraft:short_grass":120,"minecraft:calcite":5,"minecraft:melon":5,"minecraft:chest":4,"minecraft:nether_quartz_ore":45,"minecraft:copper_ore":4,"minecraft:lightning_rod":1,"minecraft:tall_grass":20,"minecraft:cobblestone":92,"minecraft:deepslate_gold_ore":36,"minecraft:lapis_ore":20,"minecraft:oak_planks":14,"minecraft:sugar_cane":5,"minecraft:diorite":58,"minecraft:wall_torch":49,"minecraft:amethyst_block":12,"minecraft:chain":1,"minecraft:nether_wart_block":21,"minecraft:birch_log":27,"minecraft:wheat":44,"minecraft:birch_leaves":2,"minecraft:coal_ore":139,"minecraft:oak_log":262,"minecraft:beetroots":28,"minecraft:gravel":68,"minecraft:sand":6,"minecraft:dirt":76,"minecraft:smooth_basalt":3,"minecraft:netherrack":770,"minecraft:gold_ore":7,"minecraft:oak_leaves":90,"minecraft:deepslate":137},"minecraft:broken":{"minecraft:iron_shovel":1,"minecraft:stone_sword":1,"minecraft:wooden_pickaxe":1,"minecraft:stone_pickaxe":3,"minecraft:iron_axe":1,"minecraft:stone_axe":1,"minecraft:iron_pickaxe":10},"minecraft:killed":{"minecraft:cave_spider":5,"minecraft:spider":2,"minecraft:cod":2,"minecraft:skeleton":4,"minecraft:chicken":10,"minecraft:magma_cube":4,"minecraft:piglin":3,"minecraft:pig":7,"minecraft:hoglin":1,"minecraft:sheep":10,"minecraft:pillager":2,"minecraft:zombie":6,"minecraft:glow_squid":1,"minecraft:wither_skeleton":1,"minecraft:cow":15}},"DataVersion":3700}